2016098,02320829253106,3,"296,350,008元","908,084,049元"
2016097,28132526310601,9,"327,274,678元","886,496,310元"
2016096,06142122241316,5,"296,887,214元","888,068,045元"
2016095,12010918053212,7,"297,413,702元","866,140,800元"
2016094,07063118101210,4,"324,311,584元","861,184,896元"
2016093,06251709271509,18,"298,416,216元","843,280,596元"
2016092,02231324291506,19,"299,992,386元","908,473,144元"
2016091,22140423280807,17,"329,710,234元","994,429,110元"
2016090,26022120131707,23,"294,008,068元","1,033,308,810元"
2016089,31011430320308,10,"288,232,376元","1,120,249,570元"
2016088,14332503161815,5,"320,354,148元","1,149,627,355元"
2016087,14111003022112,3,"288,396,896元","1,124,530,659元"
2016086,12103211150905,6,"286,788,850元","1,098,197,736元"
2016085,25121920210116,7,"319,888,112元","1,079,747,823元"
2016084,24021812042605,5,"288,778,286元","1,068,920,080元"
2016083,30091731162404,7,"291,921,542元","1,056,212,003元"
2016082,20151217061409,10,"323,658,370元","1,048,143,580元"
2016081,15023025320607,3,"288,505,018元","1,066,490,094元"
2016080,17242516320114,4,"288,372,472元","1,042,999,580元"
2016079,10122428010302,2,"322,821,956元","1,012,281,038元"
2016078,04022923260802,6,"296,681,554元","953,135,832元"
2016077,29191709200110,3,"294,629,008元","933,341,379元"
2016076,08223032130701,6,"331,977,974元","917,666,478元"
2016075,29061601033207,0,"295,574,016元","890,340,179元"
2016074,11101206202512,62,"297,584,738元","838,131,500元"
2016073,12111609152013,5,"327,032,018元","1,116,225,045元"
2016072,25190516242202,2,"290,670,126元","1,100,767,568元"
2016071,29282126193201,4,"293,734,448元","1,061,458,288元"
2016070,06031129231801,7,"326,894,102元","1,023,740,893元"
2016069,11212720100811,6,"300,232,584元","1,001,117,928元"
2016068,28190823313201,2,"295,768,168元","991,629,338元"
2016067,09183113272004,5,"327,487,486元","946,443,820元"
2016066,13072003181905,10,"275,334,312元","921,254,130元"
2016065,13261627222514,2,"298,326,848元","945,654,750元"
2016064,26121917031403,11,"332,534,594元","900,497,807元"
2016063,28181723321607,0,"304,409,952元","910,497,831元"
2016062,19211218131509,2,"305,198,008元","865,680,358元"
2016061,05200632180808,21,"340,147,518元","835,286,844元"
2016060,05222904263208,15,"320,540,202元","914,524,470元"
2016059,28042520111215,9,"322,601,954元","989,524,476元"
2016058,18030520243211,2,"357,296,334元","981,243,730元"
2016057,26192322120711,11,"325,499,780元","915,017,488元"
2016056,18110316040814,6,"326,490,562元","925,399,830元"
2016055,16102226050611,11,"350,383,284元","902,490,160元"
2016054,16112819320604,8,"324,349,586元","914,302,376元"
2016053,08312910120201,5,"320,149,454元","903,222,855元"
2016052,13281901240616,12,"353,216,208元","876,129,336元"
2016051,33091501040212,2,"324,257,380元","872,097,902元"
2016050,28290924123002,4,"308,889,140元","823,767,052元"
2016049,08130614222710,15,"330,279,014元","796,447,605元"
2016048,15081314033004,6,"329,538,828元","830,538,816元"
2016047,05082202171516,5,"324,937,604元","806,292,000元"
2016046,30252026072714,0,"364,459,490元","779,578,465元"
2016045,04321709301203,1,"336,323,174元","696,734,182元"
2016044,10300312180101,6,"335,979,238元","632,010,456元"
2016043,30262033051412,6,"364,494,720元","605,438,772元"
2016042,17310723261409,11,"334,864,386元","589,832,826元"
2016041,18211222241704,3,"330,501,352元","612,243,516元"
2016040,23192003132603,12,"365,246,422元","568,128,108元"
2016039,07011918270316,5,"335,090,614元","568,328,305元"
2016038,12221329032803,4,"325,081,790元","530,930,396元"
2016037,31333206152616,3,"350,165,940元","494,817,840元"
2016036,20220407030903,2,"348,368,584元","439,352,386元"
2016035,19291304262011,11,"343,407,218元","378,328,346元"
2016034,15282122032315,1,"380,415,644元","388,316,232元"
2016033,06172018292715,2,"338,637,474元","296,662,312元"
2016032,14150827211215,5,"339,342,300元","228,889,010元"
2016031,03101908332603,13,"385,818,800元","190,281,234元"
2016030,22141925102912,98,"351,985,986元","202,797,966元"
2016029,18202127121515,5,"347,727,124元","673,974,740元"
2016028,25292112060801,7,"370,238,316元","639,478,896元"
2016027,11151317193105,4,"337,818,690元","607,947,604元"
2016026,30091204283301,0,"329,158,276元","573,762,988元"
2016025,11043012241712,19,"379,126,514元","497,263,041元"
2016024,02050731141813,9,"344,808,140元","551,044,179元"
2016023,03292506101907,14,"337,590,682元","552,702,346元"
2016022,23223019040907,8,"370,206,784元","574,633,808元"
2016021,13112226240905,5,"330,776,764元","567,576,885元"
2016020,01122210022410,3,"317,041,006元","540,251,214元"
2016019,06171316302310,51,"354,746,834元","497,880,207元"
2016018,14171321251204,5,"316,712,952元","725,711,885元"
2016017,20083005220605,12,"293,890,064元","698,821,392元"
2016016,22200125262416,5,"316,931,514元","721,026,255元"
2016015,26222514010207,5,"346,224,370元","692,442,990元"
2016014,02102720081807,45,"321,027,466元","667,745,460元"
2016013,21223107261201,3,"370,420,948元","860,575,404元"
2016012,32121607142715,2,"336,562,836元","800,780,176元"
2016011,22291003081512,43,"332,990,472元","752,133,812元"
2016010,12140204251906,14,"359,088,730元","922,316,332元"
2016009,27142425321004,3,"341,116,278元","937,517,775元"
2016008,29331502322402,5,"355,411,856元","893,240,990元"
2016007,12201427290506,11,"398,316,866元","864,189,106元"
2016006,31162818201312,2,"357,519,610元","880,487,026元"
2016005,20311114183314,56,"347,622,842元","816,820,648元"
2016004,08221017253312,9,"376,467,244元","1,053,582,237元"
2016003,10142628230101,12,"351,825,302元","1,047,367,656元"
2016002,09143017242016,5,"343,096,096元","1,049,581,785元"
2016001,18222016130613,5,"388,445,976元","1,022,461,915元"
2015154,25111807150907,13,"364,605,498元","984,457,630元"
2015153,11152708292203,15,"348,341,018元","999,785,925元"
2015152,18321119212912,14,"392,322,240元","1,026,723,516元"
2015151,32050631230811,5,"350,309,390元","1,050,789,000元"
2015150,08010331112913,1,"333,813,118元","1,022,632,570元"
2015149,09213310222009,40,"368,458,204元","960,924,480元"
2015148,14092726132207,18,"330,278,892元","1,127,755,566元"
2015147,23300809162405,29,"331,495,570元","1,187,906,265元"
2015146,17281630322115,3,"368,273,034元","1,307,571,540元"
2015145,08071924152013,14,"327,973,844元","1,248,915,010元"
2015144,07321504280116,6,"330,530,758元","1,278,764,676元"
2015143,20151913213204,6,"363,104,978元","1,253,527,944元"
2015142,22131720192511,2,"326,956,020元","1,221,938,746元"
2015141,28250308192702,8,"329,544,366元","1,174,709,536元"
2015140,28302920063112,5,"363,959,858元","1,188,582,820元"
2015139,13182501102709,5,"323,569,236元","1,158,957,645元"
2015138,08012416190211,11,"317,036,346元","1,160,191,307元"
2015137,27312814222312,2,"357,991,902元","1,183,970,392元"
2015136,05281202292301,3,"332,169,672元","1,134,489,732元"
2015135,14180126321207,6,"323,653,256元","1,085,902,032元"
2015134,14192705310204,4,"359,304,970元","1,078,946,224元"
2015133,24030220221315,3,"318,320,120元","1,037,218,347元"
2015132,03281105303301,7,"324,697,916元","991,052,692元"
2015131,10221326191203,7,"352,871,146元","971,589,906元"
2015130,15170622141610,5,"329,910,968元","957,074,000元"
2015129,05081627111804,2,"330,274,852元","934,367,160元"
2015128,08112201280306,17,"353,929,358元","889,484,982元"
2015127,22071927331006,18,"323,385,694元","924,043,914元"
2015126,23102915201112,11,"321,292,184元","978,661,552元"
2015125,27301333220510,7,"342,693,238元","990,620,057元"
2015124,03270205181201,11,"314,656,346元","987,064,991元"
2015123,22052809120807,8,"312,976,520元","992,135,264元"
2015122,22051625110707,14,"340,964,698元","989,011,240元"
2015121,03212001292812,4,"311,696,404元","1,040,297,060元"
2015120,21242916272616,1,"306,978,816元","1,007,024,322元"
2015119,31231802100808,6,"336,177,996元","958,500,564元"
2015118,21012331110412,11,"302,094,780元","950,170,804元"
2015117,11042612321812,3,"276,307,776元","954,935,922元"
2015116,23150426062811,7,"298,345,670元","923,015,828元"
2015115,07013224140803,10,"275,624,372元","911,942,840元"
2015114,13212604070901,13,"297,013,542元","952,803,917元"
2015113,27070519010812,7,"337,101,348元","974,660,050元"
2015112,03271019200111,4,"306,859,802元","952,587,008元"
2015111,20161430081812,7,"307,364,620元","936,577,124元"
2015110,16052207231704,11,"340,689,020元","921,225,536元"
2015109,33160901320813,7,"317,531,670元","929,816,615元"
2015108,02241227221915,9,"309,769,258元","907,674,399元"
2015107,07182125161408,7,"337,547,646元","911,942,185元"
2015106,31320304012313,6,"305,793,682元","910,114,980元"
2015105,10092619162012,12,"304,229,202元","895,314,612元"
2015104,23210918262501,0,"332,604,432元","920,084,183元"
2015103,30320806132614,3,"284,270,680元","837,110,700元"
2015102,07141223092106,5,"300,065,068元","813,396,960元"
2015101,22162928240805,8,"333,057,658元","817,471,200元"
2015100,19210311170208,2,"302,573,068元","821,878,422元"
2015099,07142211061009,5,"297,598,058元","792,191,150元"
2015098,26091327330601,3,"329,104,206元","792,540,978元"
2015097,14272012092604,11,"298,570,222元","741,136,594元"
2015096,31232416170607,10,"294,260,644元","755,803,560元"
2015095,30283104152104,5,"325,059,832元","772,938,425元"
2015094,16061704130110,5,"295,713,760元","746,713,280元"
2015093,31012521130308,4,"292,493,392元","742,351,320元"
2015092,27260919211501,5,"318,089,362元","735,532,810元"
2015091,17220705193111,4,"285,818,388元","705,046,588元"
2015090,12332210251415,2,"282,983,042元","680,071,900元"
2015089,28142919122701,3,"311,873,350元","625,139,856元"
2015088,02122931202409,13,"287,667,610元","582,193,066元"
2015087,20150928191611,1,"280,174,514元","610,880,852元"
2015086,06051816082212,6,"308,129,834元","566,691,000元"
2015085,25080228272905,3,"285,325,214元","562,393,449元"
2015084,29281520221815,2,"281,884,996元","524,697,570元"
2015083,18070632162905,17,"315,704,384元","479,827,975元"
2015082,14090228300807,6,"288,017,344元","523,423,566元"
2015081,31281322202613,6,"278,500,218元","532,076,736元"
2015080,30142517272802,6,"314,150,596元","523,386,294元"
2015079,15093214202611,18,"291,775,556元","496,467,738元"
2015078,22072629032002,3,"291,936,416元","577,316,625元"
2015077,27061308100116,3,"324,775,100元","543,815,196元"
2015076,01092710192309,17,"294,088,268元","493,791,571元"
2015075,06193213211104,2,"292,719,690元","565,604,258元"
2015074,21290426250708,2,"320,107,256元","513,223,352元"
2015073,02272601221704,5,"293,054,328元","471,257,280元"
2015072,01310520032105,5,"293,363,242元","453,763,345元"
2015071,28290818203108,14,"308,073,950元","440,046,866元"
2015070,29071921130115,5,"294,607,168元","497,421,825元"
2015069,23171830130115,8,"292,089,158元","470,825,144元"
2015068,27150621261810,8,"326,767,662元","465,249,696元"
2015067,05242531020814,13,"296,388,770元","460,773,196元"
2015066,17081128052416,5,"295,073,100元","475,169,355元"
2015065,29260814101912,7,"326,011,866元","456,496,222元"
2015064,14272312111701,7,"298,850,352元","437,144,743元"
2015063,07091632220112,7,"291,740,962元","425,356,078元"
2015062,18261415092116,2,"323,470,788元","420,456,986元"
2015061,18260632223304,3,"300,873,544元","366,514,881元"
2015060,18012731320313,5,"294,398,362元","325,336,905元"
2015059,25061602320914,3,"327,035,284元","311,068,287元"
2015058,10180220091915,9,"302,422,308元","255,306,348元"
2015057,25243220092604,4,"298,048,220元","254,227,996元"
2015056,01081820160714,7,"333,455,694元","224,467,579元"
2015055,19101801281502,6,"308,523,870元","208,855,998元"
2015054,22011026070207,10,"305,342,532元","196,780,010元"
2015053,32071703332210,9,"337,772,948元","209,305,224元"
2015052,25041626110212,17,"312,855,530元","203,256,114元"
2015051,32042426102809,3,"311,895,918元","252,880,206元"
2015050,17121603093104,4,"330,490,908元","231,625,820元"
2015049,23170720121405,9,"304,091,626元","213,425,469元"
2015048,27221613172510,13,"314,318,648元","222,018,030元"
2015047,20242627020309,12,"353,219,880元","259,871,028元"
2015046,31230510140701,2,"324,849,386元","300,076,800元"
2015045,30312201130507,5,"317,791,860元","244,649,655元"
2015044,14040316130202,44,"361,973,072元","236,303,584元"
2015043,26112427121515,11,"333,265,010元","437,343,962元"
2015042,23102109193208,18,"328,582,874元","445,522,068元"
2015041,25110917042106,17,"355,451,862元","505,889,468元"
2015040,27301618321316,4,"320,385,120元","560,707,072元"
2015039,26301329011512,7,"304,495,842元","527,688,511元"
2015038,33110506121414,1,"330,881,502元","521,569,463元"
2015037,31052807181203,0,"311,121,894元","456,745,930元"
2015036,33041706162603,5,"314,978,372元","385,090,460元"
2015035,09010824223303,13,"354,232,116元","356,011,799元"
2015034,27131812201713,5,"319,035,578元","372,366,860元"
2015033,31063221290305,2,"316,147,976元","350,190,906元"
2015032,16291814321116,6,"356,881,788元","322,806,048元"
2015031,22260105073211,10,"322,648,288元","301,014,330元"
2015030,08111415261607,6,"313,853,770元","308,254,584元"
2015029,14150728211907,7,"350,574,266元","290,603,075元"
2015028,04282627071014,8,"318,360,502元","282,421,976元"
2015027,07292616090507,26,"313,056,664元","269,549,046元"
2015026,33171302222113,16,"346,132,854元","399,549,056元"
2015025,11321527121014,0,"301,966,294元","428,205,689元"
2015024,09231124181610,6,"297,320,432元","361,697,874元"
2015023,09081329103001,9,"371,421,794元","344,102,175元"
2015022,10160704232510,7,"428,626,486元","333,076,429元"
2015021,14272817161508,16,"369,500,210元","311,412,624元"
2015020,04070123192204,7,"404,738,304元","359,013,634元"
2015019,26190611022504,12,"363,865,754元","337,065,060元"
2015018,12280906142909,10,"356,589,678元","343,063,140元"
2015017,20181327332512,7,"405,548,808元","357,142,667元"
2015016,10061715023113,10,"370,190,678元","326,819,010元"
2015015,07332524012004,6,"369,504,840元","325,790,184元"
2015014,19163027021211,72,"413,004,748元","305,609,400元"
2015013,26090825292401,12,"371,312,910元","649,780,284元"
2015012,31232905220306,21,"370,574,586元","649,012,056元"
2015011,"14041518172015
                    		
                       	 幸运12",5,"448,888,738元","710,557,160元"
2015010,"02080321013109
                    		
                       	 幸运05",7,"408,876,968元","650,777,351元"
2015009,"14252117070414
                    		
                       	 幸运13",13,"406,130,598元","642,387,330元"
2015008,"16220710042003
                    		
                       	 幸运16",6,"441,162,104元","641,915,910元"
2015007,"17010933072008
                    		
                       	 幸运07",8,"396,557,494元","615,032,608元"
2015006,"33011011293113
                    		
                       	 幸运09",7,"381,704,996元","613,260,305元"
2015005,"07183217161015
                    		
                       	 幸运01",7,"434,233,966元","589,772,988元"
2015004,"16151402232410
                    		
                       	 幸运04",5,"391,871,604元","551,117,080元"
2015003,"31152310242015
                    		
                       	 幸运11",5,"389,418,150元","529,251,380元"
2015002,"15282516320705
                    		
                       	 幸运08",13,"445,131,362元","504,837,957元"
2015001,"09010723162006
                    		
                       	 幸运01",8,"389,811,558元","512,536,696元"
2014152,"15082120132512
                    		
                       	 幸运02",12,"403,970,126元","504,014,400元"
2014151,"08272111050408
                    		
                       	 幸运01",13,"436,728,282元","521,118,039元"
2014150,"03222432081409
                    		
                       	 幸运14",9,"393,965,122元","557,171,217元"
2014149,"15191033090701
                    		
                       	 幸运05",2,"386,664,128元","562,421,886元"
2014148,"05021201151613
                    		
                       	 幸运01",9,"425,097,618元","479,691,558元"
2014147,"06260731223210
                    		
                       	 幸运07",4,"385,071,740元","460,352,344元"
2014146,"32012906201301
                    		
                       	 幸运02",3,"383,982,986元","428,190,888元"
2014145,"12232926131011
                    		
                       	 幸运13",9,"428,104,998元","359,386,704元"
2014144,"06030510092714
                    		
                       	 幸运15",6,"379,438,954元","350,262,546元"
2014143,25201803261216,14,"375,707,362元","323,244,502元"
2014142,25062822212313,5,"419,262,206元","343,788,680元"
2014141,21091608112410,22,"374,573,402元","298,381,028元"
2014140,10141711063306,5,"369,928,040元","355,086,600元"
2014139,15142529200111,10,"416,872,552元","340,012,160元"
2014138,04290631133313,5,"379,450,576元","333,290,635元"
2014137,06112903250909,27,"377,779,080元","296,658,774元"
2014136,32193103271610,1,"419,949,224元","405,577,188元"
2014135,33040213112501,4,"380,304,722元","332,494,676元"
2014134,23282205162602,7,"374,813,426元","279,769,385元"
2014133,14133116233013,4,"417,287,906元","245,415,332元"
2014132,06051415331808,5,"372,487,192元","215,841,500元"
2014131,28212205321714,7,"396,591,384元","211,523,816元"
2014130,01103024330210,3,"402,591,108元","176,970,840元"
2014129,20280809320502,7,"359,082,268元","127,351,182元"
2014128,18240507170814,10,"358,520,804元","87,337,680元"
2014127,23212702101212,15,"405,427,926元","71,262,030元"
2014126,17062711221601,28,"374,635,140元","92,547,000元"
2014125,11153110322606,5,"369,171,242元","177,881,270元"
2014124,33022417312004,3,"414,603,564元","149,338,971元"
2014123,11330128061705,31,"374,248,054元","66,611,994元"
2014122,20062916110911,16,"372,450,634元","178,571,232元"
2014121,13220128300209,15,"414,246,034元","216,715,500元"
2014120,01120728162304,23,"380,941,988元","236,996,485元"
2014119,26062017132909,16,"374,297,910元","293,508,896元"
2014118,26073015051803,15,"412,610,364元","348,405,240元"
2014117,25052910172804,9,"376,251,864元","364,535,919元"
2014116,10151409291916,8,"355,472,106元","349,707,904元"
2014115,32101101091303,107,"393,986,920元","329,463,486元"
2014114,02072333323010,4,"336,622,164元","803,604,936元"
2014113,31323314281207,2,"376,332,046元","794,394,502元"
2014112,01153021162403,16,"438,774,340元","754,185,552元"
2014111,08282220170202,5,"391,471,380元","809,720,000元"
2014110,01300813111906,4,"384,948,858元","759,917,456元"
2014109,05191128021502,16,"437,600,916元","732,608,704元"
2014108,08202309280302,14,"393,047,674元","735,850,612元"
2014107,22271711251416,5,"387,176,276元","752,252,140元"
2014106,21180917142515,4,"422,052,940元","718,893,160元"
2014105,27191714321604,6,"379,715,550元","662,968,446元"
2014104,02062819122713,5,"358,170,510元","624,461,375元"
2014103,08103318090304,8,"396,768,732元","589,633,520元"
2014102,31242114162813,3,"368,749,750元","582,985,842元"
2014101,18162332242007,2,"359,712,392元","529,892,270元"
2014100,09011610140611,3,"401,949,134元","472,918,194元"
2014099,05321310110114,4,"358,086,522元","432,609,020元"
2014098,17312920130207,5,"353,151,800元","392,834,215元"
2014097,27132425073215,3,"390,727,104元","369,675,882元"
2014096,17122224141908,4,"357,432,576元","312,395,240元"
2014095,22050806143108,5,"348,187,212元","279,324,805元"
2014094,23012910201801,2,"394,513,356元","273,173,708元"
2014093,10200802290905,23,"361,310,882元","207,035,236元"
2014092,03221913182607,8,"355,694,942元","308,790,808元"
2014091,05012927121914,7,"395,683,536元","312,855,494元"
2014090,19240905113213,17,"361,007,810元","285,022,119元"
2014089,27140430170609,15,"349,996,988元","327,508,140元"
2014088,16031406291115,4,"378,895,304元","380,020,836元"
2014087,18062333322206,6,"346,294,212元","341,554,266元"
2014086,14021210043008,6,"342,885,520元","321,991,524元"
2014085,02291901112308,15,"383,964,576元","300,168,090元"
2014084,13250106100908,6,"348,439,746元","324,879,900元"
2014083,23330521061912,6,"342,671,260元","316,186,254元"
2014082,20042629022511,6,"376,072,870元","297,439,788元"
2014081,29082227241410,6,"345,588,442元","275,196,240元"
2014080,25053014171607,1,"339,602,048元","251,469,908元"
2014079,02282207271602,7,"371,546,996元","198,155,300元"
2014078,06020309170507,9,"340,877,252元","169,313,373元"
2014077,15220912081910,8,"335,080,206元","174,008,032元"
2014076,33101218170611,3,"375,634,222元","177,753,477元"
2014075,22291127090306,24,"341,705,034元","133,787,352元"
2014074,30060331011312,1,"333,005,878元","211,476,892元"
2014073,12203330160102,5,"368,813,894元","158,150,815元"
2014072,01131932070316,3,"324,184,472元","92,535,036元"
2014071,22041202172514,34,"332,837,230元","30,000,000元"
2014070,07092819012907,25,"381,932,126元","46,472,150元"
2014069,19120530172511,10,"344,427,596元","144,097,840元"
2014068,13222712042916,3,"333,498,724元","162,571,614元"
2014067,17062301071806,16,"369,752,334元","91,365,232元"
2014066,05021821171516,3,"326,106,482元","117,743,004元"
2014065,22040805100306,14,"331,291,864元","50,353,786元"
2014064,32022909161514,14,"362,553,032元","51,701,734元"
2014063,22170831210316,8,"318,559,312元","55,534,992元"
2014062,09152425062609,58,"324,555,900元","30,000,000元"
2014061,14280217312708,16,"348,086,982元","63,402,256元"
2014060,03251814053306,1,"332,537,430元","77,191,491元"
2014059,12052513082313,14,"332,914,310元","33,384,288元"
2014058,03142512130211,38,"395,239,936元","35,549,494元"
2014057,31120402182308,6,"357,051,002元","211,270,800元"
2014056,28200111182901,6,"355,820,816元","189,835,134元"
2014055,19302109021404,8,"399,255,230元","166,904,832元"
2014054,01110529043014,14,"362,404,232元","163,007,572元"
2014053,22311719142602,1,"357,050,160元","192,683,993元"
2014052,28301315330908,14,"388,520,458元","130,683,658元"
2014051,21192410231613,7,"355,097,144元","172,124,407元"
2014050,26321703252313,6,"356,974,970元","153,092,388元"
2014049,32072316170606,15,"395,100,460元","138,239,115元"
2014048,24251609170616,10,"328,158,768元","167,548,980元"
2014047,11190810122915,6,"367,083,108元","175,063,188元"
2014046,02221810111710,10,"407,325,576元","151,808,850元"
2014045,04020922111915,22,"375,431,708元","173,383,408元"
2014044,27042809332112,4,"373,074,342元","234,600,372元"
2014043,02140509332409,16,"415,843,112元","210,637,936元"
2014042,33282515122014,0,"373,018,334元","267,308,119元"
2014041,21180722111602,2,"365,242,842元","180,069,774元"
2014040,04120311061508,9,"406,009,192元","129,726,387元"
2014039,15311103192007,5,"363,687,932元","140,977,080元"
2014038,23072422330416,9,"356,364,376元","95,544,036元"
2014037,24142530061307,18,"385,617,546元","64,542,096元"
2014036,08110709012203,30,"378,585,748元","115,259,940元"
2014035,17073332080906,10,"385,901,784元","239,056,900元"
2014034,01080425033106,20,"432,189,956元","242,743,280元"
2014033,33133228052312,17,"403,193,612元","319,148,956元"
2014032,33142922010207,3,"397,424,848元","363,106,803元"
2014031,27102116170414,16,"443,595,958元","331,429,504元"
2014030,30121924182310,8,"396,594,924元","343,001,056元"
2014029,07211629021414,8,"396,072,528元","335,945,528元"
2014028,16212730320605,8,"435,709,368元","309,604,392元"
2014027,31083014161001,2,"384,105,632元","301,167,546元"
2014026,23061105020114,2,"376,888,174元","234,682,846元"
2014025,16300105141016,3,"420,328,670元","176,129,274元"
2014024,08101623203009,24,"380,942,014元","102,252,288元"
2014023,09211713072210,13,"379,325,720元","192,597,457元"
2014022,06212607100416,8,"422,477,050元","208,621,864元"
2014021,29102217150812,9,"376,012,996元","190,297,125元"
2014020,09251423241715,4,"369,800,298元","195,215,928元"
2014019,20151910022107,5,"409,381,396元","149,062,025元"
2014018,13333021171815,5,"366,787,508元","152,153,450元"
2014017,26062504140710,24,"354,286,552元","89,220,000元"
2014016,07022421031308,3,"394,728,698元","189,407,019元"
2014015,11193032330209,11,"345,827,928元","153,702,230元"
2014014,04222519290915,10,"340,281,006元","174,399,960元"
2014013,15211305170913,12,"447,850,102元","174,532,572元"
2014012,21241901110808,6,"364,615,256元","193,817,286元"
2014011,14132132091002,7,"400,827,700元","185,230,836元"
2014010,33310507200811,2,"359,922,428元","168,977,284元"
2014009,19200925083216,6,"348,408,848元","127,264,176元"
2014008,30211614052912,8,"392,135,484元","99,040,432元"
2014007,28121418081014,13,"346,606,050元","58,697,890元"
2014006,07271703042114,70,"369,941,458元","30,000,000元"
2014005,33181532272304,6,"414,088,906元","237,244,320元"
2014004,25011924042215,5,"373,155,800元","201,488,460元"
2014003,10333006281112,6,"363,993,362元","169,237,320元"
2014002,32043133232104,6,"408,021,124元","157,176,954元"
2014001,09272920031501,3,"371,341,368元","136,130,274元"
2013154,19110729241405,16,"382,836,786元","69,636,912元"
2013153,18281108331310,6,"394,373,774元","76,364,070元"
2013152,06041618291405,28,"353,968,798元","30,000,000元"
2013151,09330319102809,45,"376,460,226元","30,000,000元"
2013150,15260125291610,5,"409,001,896元","188,178,865元"
2013149,25183209263011,9,"369,490,424元","155,929,878元"
2013148,06221112141701,5,"354,333,120元","154,199,665元"
2013147,19301702151608,18,"400,947,352元","117,026,496元"
2013146,30202532330801,4,"404,451,866元","162,543,128元"
2013145,13102416230615,13,"364,933,776元","92,904,565元"
2013144,27193105120702,12,"406,764,784元","99,467,508元"
2013143,27183221221211,8,"364,973,022元","82,747,368元"
2013142,12202914221114,8,"356,100,256元","63,900,184元"
2013141,05043103253004,25,"409,703,546元","30,000,000元"
2013140,22121321050110,4,"359,556,480元","76,786,944元"
2013139,11270721130808,25,"372,082,440元","30,000,000元"
2013138,27282416150403,10,"402,650,432元","74,254,260元"
2013137,27170419242310,27,"379,293,130元","51,312,261元"
2013136,26161806041406,12,"369,164,734元","116,962,560元"
2013135,24310923292512,5,"406,720,240元","139,074,525元"
2013134,25171801192910,16,"372,289,714元","82,346,272元"
2013133,22120407251901,12,"361,709,328元","119,827,596元"
2013132,22272023252112,25,"420,848,208元","124,670,825元"
2013131,19121726060409,18,"388,319,260元","199,798,632元"
2013130,03011633153108,12,"385,080,972元","256,689,792元"
2013129,27311405100614,4,"418,710,844元","262,553,088元"
2013128,25311713071908,8,"381,844,688元","201,975,928元"
2013127,22130320023314,5,"376,726,836元","197,309,615元"
2013126,19310433102716,5,"408,866,622元","162,711,340元"
2013125,28250408180616,8,"372,984,566元","123,047,728元"
2013124,09153003252307,8,"347,249,642元","107,102,896元"
2013123,25021117010602,12,"385,822,278元","86,159,328元"
2013122,27071026151311,10,"345,544,080元","75,670,240元"
2013121,07060525270407,5,"337,100,116元","60,671,480元"
2013120,06231813053111,47,"404,684,072元","36,491,411元"
2013119,20262215320509,9,"357,071,040元","240,588,702元"
2013118,33320217032216,6,"343,511,272元","243,272,184元"
2013117,33272412091316,19,"368,579,726元","217,864,773元"
2013116,21331232261507,2,"312,633,700元","259,236,778元"
2013115,03182717161208,13,"319,974,332元","211,959,722元"
2013114,21170406332307,5,"398,506,774元","240,677,850元"
2013113,33240704171109,7,"353,992,568元","202,421,233元"
2013112,31131222010607,12,"344,881,702元","199,580,280元"
2013111,06023303010813,22,"401,502,238元","216,014,150元"
2013110,21181729321513,4,"341,867,256元","271,666,100元"
2013109,24092329322708,5,"351,155,742元","248,456,620元"
2013108,31322128162205,3,"384,725,718元","244,712,259元"
2013107,17112831070911,7,"349,907,348元","206,293,472元"
2013106,11320923303106,4,"344,715,810元","192,566,520元"
2013105,11270131322309,5,"380,197,404元","180,328,590元"
2013104,17022804150111,4,"339,771,188元","161,543,208元"
2013103,04200918021307,5,"329,389,008元","129,386,045元"
2013102,16050802060403,12,"374,113,680元","112,762,404元"
2013101,05233209270701,4,"339,246,710元","117,330,108元"
2013100,20160804141111,0,"324,850,520元","110,063,013元"
2013099,20263121051103,13,"359,490,506元","57,365,841元"
2013098,19202607151814,28,"333,979,300元","61,447,820元"
2013097,17232214250507,3,"326,153,582元","165,973,926元"
2013096,28220130022915,9,"364,530,978元","133,568,694元"
2013095,29281915010610,5,"321,839,422元","122,220,820元"
2013094,14022218042007,11,"320,217,972元","85,662,203元"
2013093,31260802290114,2,"345,826,922元","113,583,018元"
2013092,26110721311506,8,"311,052,518元","39,250,888元"
2013091,31142428042510,22,"308,670,790元","30,000,000元"
2013090,11240223052908,46,"372,773,264元","30,000,000元"
2013089,04081925211213,14,"337,088,774元","173,879,650元"
2013088,15092122242014,3,"332,225,112元","203,431,818元"
2013087,24282302131905,6,"364,306,204元","159,824,838元"
2013086,02112604161311,3,"326,453,274元","147,621,963元"
2013085,02121608143216,7,"330,145,456元","119,563,094元"
2013084,21070509201103,10,"373,588,034元","101,313,260元"
2013083,12191406230509,18,"338,036,388元","101,908,566元"
2013082,22142004133006,5,"326,611,872元","177,229,420元"
2013081,01103113042113,4,"359,745,012元","164,579,200元"
2013080,23281132101216,5,"327,918,824元","126,651,295元"
2013079,26072219131713,12,"320,512,624元","108,592,428元"
2013078,05261727180315,8,"355,637,236元","125,198,288元"
2013077,09142624292303,31,"333,114,166元","90,631,848元"
2013076,23242930142603,1,"326,689,120元","213,429,920元"
2013075,04090633253014,0,"358,276,246元","148,151,453元"
2013074,06083214031903,3,"320,654,782元","76,109,739元"
2013073,13202817090211,19,"324,559,238元","31,466,432元"
2013072,08331419110209,2,"351,392,580元","83,394,408元"
2013071,21122628052309,11,"311,914,552元","31,637,441元"
2013070,02281030090306,13,"296,577,242元","58,271,360元"
2013069,30161817073306,105,"369,339,396元","30,000,000元"
2013068,13202502270706,10,"329,872,238元","135,584,520元"
2013067,09010430152206,16,"309,743,864元","137,776,720元"
2013066,17162001033207,8,"368,087,166元","182,192,048元"
2013065,23073019182902,5,"334,460,176元","201,675,690元"
2013064,13252209320112,5,"328,102,052元","172,812,165元"
2013063,31201523101812,3,"354,390,256元","142,799,949元"
2013062,22190601072702,2,"313,979,568元","83,172,610元"
2013061,06051813120712,43,"335,064,726元","30,000,000元"
2013060,07052013191015,8,"368,726,696元","110,329,152元"
2013059,27290310241809,11,"339,381,758元","99,230,450元"
2013058,24081121172305,13,"338,075,776元","138,757,060元"
2013057,13192616282305,6,"367,207,180元","152,624,208元"
2013056,12292603252816,5,"330,573,576元","138,712,270元"
2013055,32192718220806,6,"328,924,474元","116,004,306元"
2013054,08140403282114,14,"367,209,526元","101,137,064元"
2013053,30220333131214,5,"327,360,018元","89,705,790元"
2013052,14222406210713,8,"320,719,928元","48,367,032元"
2013051,29081528191202,33,"377,856,082元","30,000,000元"
2013050,22070313251803,9,"331,969,178元","116,018,802元"
2013049,16321410211314,2,"295,889,902元","114,803,190元"
2013048,32283010171304,37,"379,712,106元","55,171,877元"
2013047,01271730110812,6,"347,274,348元","167,906,106元"
2013046,19032426162006,7,"352,094,234元","143,084,851元"
2013045,07061431082312,7,"389,847,482元","123,007,759元"
2013044,28261103180506,12,"355,471,956元","113,248,452元"
2013043,17250615140316,16,"358,568,922元","130,914,304元"
2013042,15083313011203,7,"396,763,590元","191,650,228元"
2013041,23171002241205,3,"358,260,706元","165,669,831元"
2013040,10021204173010,11,"352,650,578元","135,009,567元"
2013039,02152429011406,7,"390,740,078元","158,541,908元"
2013038,15101214190911,5,"328,400,842元","140,504,290元"
2013037,18153228270214,6,"350,336,028元","122,337,450元"
2013036,29053109270413,9,"393,497,514元","118,017,567元"
2013035,26171514300102,3,"351,498,872元","105,954,843元"
2013034,20062233261509,8,"339,315,898元","47,229,360元"
2013033,06281719130501,44,"397,248,028元","34,224,132元"
2013032,04212930332503,2,"365,616,360元","185,170,708元"
2013031,03151413332103,10,"365,951,410元","135,583,170元"
2013030,25260729181406,7,"405,193,314元","146,756,785元"
2013029,29230619100712,12,"367,189,222元","133,260,864元"
2013028,07250826281413,6,"363,477,764元","144,919,914元"
2013027,24210112040212,11,"401,897,672元","136,259,354元"
2013026,22043115141111,4,"357,237,076元","140,421,744元"
2013025,30161825172408,27,"365,053,994元","116,448,192元"
2013024,04233005271309,17,"397,860,528元","222,298,732元"
2013023,32031506183005,4,"359,844,386元","271,259,788元"
2013022,15070402200907,6,"349,104,140元","238,299,864元"
2013021,19312601170611,7,"386,291,388元","239,758,883元"
2013020,16010721120801,5,"337,611,102元","233,771,560元"
2013019,20261605010206,5,"316,958,200元","207,401,535元"
2013018,30082829130205,10,"364,752,666元","193,557,090元"
2013017,31123032040609,3,"339,247,106元","198,644,874元"
2013016,12060228140505,12,"327,207,104元","165,350,088元"
2013015,05181306071115,3,"377,989,410元","202,682,481元"
2013014,05171920040208,20,"348,187,310元","150,729,380元"
2013013,06191328052209,19,"351,745,408元","211,416,895元"
2013012,06282217291402,3,"389,114,476元","260,734,911元"
2013011,12031727292409,11,"350,274,074元","199,912,372元"
2013010,32010917331112,5,"347,709,230元","224,151,420元"
2013009,04162301130902,4,"383,674,016元","195,572,596元"
2013008,17320325082115,6,"341,795,384元","170,217,234元"
2013007,32021526092201,2,"341,246,158元","151,606,540元"
2013006,22133009101713,8,"374,366,198元","82,757,304元"
2013005,01253213311412,11,"339,352,226元","49,335,143元"
2013004,10270616203208,17,"337,097,616元","35,567,995元"
2013003,22282326332709,4,"367,773,688元","98,882,604元"
2013002,16300122281812,4,"303,822,912元","61,810,900元"
2013001,06152508241406,20,"309,153,922元","30,000,000元"
